{
  "n_points": 3000000,
  "n_clusters": 512,
  "feature_dim": 768,
  "bbox_min": [
    -123.84768676757812,
    -129.2217559814453,
    -4.966548919677734
  ],
  "bbox_max": [
    132.35549926757812,
    140.04542541503906,
    12.440244674682617
  ],
  "n_unlabeled": 0,
  "pca_enabled": false,
  "clip_model": "ViT-L-14",
  "clip_pretrained": "openai",
  "hf_model_id": "Xenova/clip-vit-large-patch14"
}